<?xml version='1.0' encoding='UTF-8'?>
<metadata>

<fimd:file-item-md xmlns:fimd="http://easy.dans.knaw.nl/easy/file-item-md/" xmlns:addmd="http://easy.dans.knaw.nl/easy/additional-metadata/" version="0.1"><name>top_features_annotations.csv</name><path>top_features_annotations.csv</path><mimeType>text/plain</mimeType><size>191384</size><creatorRole>ARCHIVIST</creatorRole><visibleTo>ANONYMOUS</visibleTo><accessibleTo>ANONYMOUS</accessibleTo></fimd:file-item-md>

<fimd:file-item-md xmlns:fimd="http://easy.dans.knaw.nl/easy/file-item-md/" xmlns:addmd="http://easy.dans.knaw.nl/easy/additional-metadata/" version="0.1"><name>sarcasme_nouser.txt</name><path>sarcasme_nouser.txt</path><mimeType>text/plain</mimeType><size>6987481</size><creatorRole>ARCHIVIST</creatorRole><visibleTo>ANONYMOUS</visibleTo><accessibleTo>ANONYMOUS</accessibleTo></fimd:file-item-md>

<fimd:file-item-md xmlns:fimd="http://easy.dans.knaw.nl/easy/file-item-md/" xmlns:addmd="http://easy.dans.knaw.nl/easy/additional-metadata/" version="0.1"><name>sarcasme_user.txt</name><path>sarcasme_user.txt</path><mimeType>text/plain</mimeType><size>2557729</size><creatorRole>ARCHIVIST</creatorRole><visibleTo>ANONYMOUS</visibleTo><accessibleTo>ANONYMOUS</accessibleTo></fimd:file-item-md>

<fimd:file-item-md xmlns:addmd="http://easy.dans.knaw.nl/easy/additional-metadata/" xmlns:fimd="http://easy.dans.knaw.nl/easy/file-item-md/" version="0.1">
  <name>top_features_annotations.xlsx</name>
  <path>top_features_annotations.xlsx</path>
  <mimeType>application/vnd.openxmlformats-officedocument.spreadsheetml</mimeType>
  <size>163587</size>
  <creatorRole>ARCHIVIST</creatorRole>
  <visibleTo>ANONYMOUS</visibleTo>
  <accessibleTo>ANONYMOUS</accessibleTo>
</fimd:file-item-md>

<fimd:file-item-md xmlns:fimd="http://easy.dans.knaw.nl/easy/file-item-md/" xmlns:addmd="http://easy.dans.knaw.nl/easy/additional-metadata/" version="0.1"><name>top_features_nouser_sorted.txt</name><path>top_features_nouser_sorted.txt</path><mimeType>text/plain</mimeType><size>18697</size><creatorRole>ARCHIVIST</creatorRole><visibleTo>ANONYMOUS</visibleTo><accessibleTo>ANONYMOUS</accessibleTo></fimd:file-item-md>

<fimd:file-item-md xmlns:fimd="http://easy.dans.knaw.nl/easy/file-item-md/" xmlns:addmd="http://easy.dans.knaw.nl/easy/additional-metadata/" version="0.1"><name>top_features_user_sorted.txt</name><path>top_features_user_sorted.txt</path><mimeType>text/plain</mimeType><size>18210</size><creatorRole>ARCHIVIST</creatorRole><visibleTo>ANONYMOUS</visibleTo><accessibleTo>ANONYMOUS</accessibleTo></fimd:file-item-md>

<fimd:file-item-md xmlns:fimd="http://easy.dans.knaw.nl/easy/file-item-md/" xmlns:addmd="http://easy.dans.knaw.nl/easy/additional-metadata/" version="0.1"><name>collect_sarcasme_nousertweets.ini</name><path>collect_sarcasme_nousertweets.ini</path><mimeType>text/plain</mimeType><size>158</size><creatorRole>ARCHIVIST</creatorRole><visibleTo>ANONYMOUS</visibleTo><accessibleTo>ANONYMOUS</accessibleTo></fimd:file-item-md>

<fimd:file-item-md xmlns:fimd="http://easy.dans.knaw.nl/easy/file-item-md/" xmlns:addmd="http://easy.dans.knaw.nl/easy/additional-metadata/" version="0.1"><name>collect_sarcasme_usertweets.ini</name><path>collect_sarcasme_usertweets.ini</path><mimeType>text/plain</mimeType><size>152</size><creatorRole>ARCHIVIST</creatorRole><visibleTo>ANONYMOUS</visibleTo><accessibleTo>ANONYMOUS</accessibleTo></fimd:file-item-md>

<fimd:file-item-md xmlns:fimd="http://easy.dans.knaw.nl/easy/file-item-md/" xmlns:addmd="http://easy.dans.knaw.nl/easy/additional-metadata/" version="0.1"><name>sarcastic-soulmates.pdf</name><path>sarcastic-soulmates.pdf</path><mimeType>application/pdf</mimeType><size>548209</size><creatorRole>ARCHIVIST</creatorRole><visibleTo>ANONYMOUS</visibleTo><accessibleTo>ANONYMOUS</accessibleTo></fimd:file-item-md>

<fimd:file-item-md xmlns:fimd="http://easy.dans.knaw.nl/easy/file-item-md/" xmlns:addmd="http://easy.dans.knaw.nl/easy/additional-metadata/" version="0.1"><name>README</name><path>README</path><mimeType>text/plain</mimeType><size>4936</size><creatorRole>ARCHIVIST</creatorRole><visibleTo>ANONYMOUS</visibleTo><accessibleTo>ANONYMOUS</accessibleTo></fimd:file-item-md>
</metadata>
